Origin,Destination,Date range: 2021-01-04 - 2021-01-29 Time range: 07:00 - 09:00
Region 1,Region 1,0
Region 1,Region 2,3
Region 1,Region 3,0
Region 1,Region 4,0
Region 1,Region 5,0
Region 1,Region 6,0
Region 1,Region 7,0
Region 1,Region 8,0
Region 1,Region 9,5
Region 1,Region 10,0
Region 1,Region 11,0
Region 1,Region 12,0
Region 1,Region 13,4
Region 1,Region 14,1
Region 1,Region 15,3
Region 1,Region 16,0
Region 1,Region 17,10
Region 1,Region 18,1
Region 1,Region 19,0
Region 1,Region 20,1
Region 1,Region 21,0
Region 1,Region 22,0
Region 1,Region 23,0
Region 1,Region 24,0
Region 1,Region 25,0
Region 1,Region 26,0
Region 1,Region 27,0
Region 1,Region 28,0
Region 1,Region 29,17
Region 1,Region 30,0
Region 1,Region 31,0
Region 1,Region 32,0
Region 1,Region 33,0
Region 1,Region 34,1
Region 1,Region 35,6
Region 1,Region 36,0
Region 1,Region 37,0
Region 1,Region 38,0
Region 1,Region 39,1
Region 1,Region 40,1
Region 1,Region 41,0
Region 1,Region 42,2
Region 1,Region 43,0
Region 1,Region 44,0
Region 2,Region 1,2
Region 2,Region 2,49
Region 2,Region 3,7
Region 2,Region 4,12
Region 2,Region 5,17
Region 2,Region 6,7
Region 2,Region 7,18
Region 2,Region 8,4
Region 2,Region 9,64
Region 2,Region 10,0
Region 2,Region 11,0
Region 2,Region 12,2
Region 2,Region 13,6
Region 2,Region 14,19
Region 2,Region 15,24
Region 2,Region 16,23
Region 2,Region 17,128
Region 2,Region 18,8
Region 2,Region 19,4
Region 2,Region 20,12
Region 2,Region 21,3
Region 2,Region 22,0
Region 2,Region 23,20
Region 2,Region 24,17
Region 2,Region 25,3
Region 2,Region 26,0
Region 2,Region 27,10
Region 2,Region 28,1
Region 2,Region 29,6
Region 2,Region 30,2
Region 2,Region 31,0
Region 2,Region 32,5
Region 2,Region 33,10
Region 2,Region 34,6
Region 2,Region 35,106
Region 2,Region 36,7
Region 2,Region 37,7
Region 2,Region 38,17
Region 2,Region 39,3
Region 2,Region 40,4
Region 2,Region 41,0
Region 2,Region 42,13
Region 2,Region 43,1
Region 2,Region 44,1
Region 3,Region 1,4
Region 3,Region 2,1
Region 3,Region 3,7
Region 3,Region 4,1
Region 3,Region 5,0
Region 3,Region 6,0
Region 3,Region 7,0
Region 3,Region 8,0
Region 3,Region 9,15
Region 3,Region 10,0
Region 3,Region 11,3
Region 3,Region 12,6
Region 3,Region 13,8
Region 3,Region 14,22
Region 3,Region 15,4
Region 3,Region 16,3
Region 3,Region 17,19
Region 3,Region 18,3
Region 3,Region 19,0
Region 3,Region 20,3
Region 3,Region 21,1
Region 3,Region 22,1
Region 3,Region 23,6
Region 3,Region 24,3
Region 3,Region 25,0
Region 3,Region 26,0
Region 3,Region 27,17
Region 3,Region 28,7
Region 3,Region 29,3
Region 3,Region 30,0
Region 3,Region 31,0
Region 3,Region 32,7
Region 3,Region 33,12
Region 3,Region 34,2
Region 3,Region 35,45
Region 3,Region 36,1
Region 3,Region 37,0
Region 3,Region 38,1
Region 3,Region 39,2
Region 3,Region 40,4
Region 3,Region 41,0
Region 3,Region 42,5
Region 3,Region 43,0
Region 3,Region 44,1
Region 4,Region 1,2
Region 4,Region 2,13
Region 4,Region 3,1
Region 4,Region 4,12
Region 4,Region 5,9
Region 4,Region 6,0
Region 4,Region 7,6
Region 4,Region 8,1
Region 4,Region 9,37
Region 4,Region 10,0
Region 4,Region 11,0
Region 4,Region 12,3
Region 4,Region 13,4
Region 4,Region 14,3
Region 4,Region 15,9
Region 4,Region 16,15
Region 4,Region 17,100
Region 4,Region 18,9
Region 4,Region 19,10
Region 4,Region 20,27
Region 4,Region 21,1
Region 4,Region 22,0
Region 4,Region 23,7
Region 4,Region 24,5
Region 4,Region 25,1
Region 4,Region 26,0
Region 4,Region 27,6
Region 4,Region 28,3
Region 4,Region 29,19
Region 4,Region 30,3
Region 4,Region 31,1
Region 4,Region 32,0
Region 4,Region 33,2
Region 4,Region 34,7
Region 4,Region 35,98
Region 4,Region 36,3
Region 4,Region 37,24
Region 4,Region 38,4
Region 4,Region 39,0
Region 4,Region 40,6
Region 4,Region 41,0
Region 4,Region 42,13
Region 4,Region 43,2
Region 4,Region 44,5
Region 5,Region 1,0
Region 5,Region 2,8
Region 5,Region 3,1
Region 5,Region 4,3
Region 5,Region 5,27
Region 5,Region 6,2
Region 5,Region 7,6
Region 5,Region 8,6
Region 5,Region 9,49
Region 5,Region 10,0
Region 5,Region 11,0
Region 5,Region 12,1
Region 5,Region 13,0
Region 5,Region 14,0
Region 5,Region 15,1
Region 5,Region 16,3
Region 5,Region 17,85
Region 5,Region 18,28
Region 5,Region 19,13
Region 5,Region 20,15
Region 5,Region 21,5
Region 5,Region 22,1
Region 5,Region 23,18
Region 5,Region 24,10
Region 5,Region 25,0
Region 5,Region 26,0
Region 5,Region 27,1
Region 5,Region 28,0
Region 5,Region 29,3
Region 5,Region 30,3
Region 5,Region 31,0
Region 5,Region 32,0
Region 5,Region 33,6
Region 5,Region 34,3
Region 5,Region 35,108
Region 5,Region 36,0
Region 5,Region 37,18
Region 5,Region 38,3
Region 5,Region 39,3
Region 5,Region 40,4
Region 5,Region 41,0
Region 5,Region 42,9
Region 5,Region 43,2
Region 5,Region 44,5
Region 6,Region 1,0
Region 6,Region 2,0
Region 6,Region 3,0
Region 6,Region 4,0
Region 6,Region 5,3
Region 6,Region 6,7
Region 6,Region 7,3
Region 6,Region 8,0
Region 6,Region 9,1
Region 6,Region 10,0
Region 6,Region 11,0
Region 6,Region 12,0
Region 6,Region 13,1
Region 6,Region 14,0
Region 6,Region 15,0
Region 6,Region 16,0
Region 6,Region 17,1
Region 6,Region 18,1
Region 6,Region 19,1
Region 6,Region 20,0
Region 6,Region 21,0
Region 6,Region 22,0
Region 6,Region 23,4
Region 6,Region 24,1
Region 6,Region 25,0
Region 6,Region 26,0
Region 6,Region 27,1
Region 6,Region 28,0
Region 6,Region 29,1
Region 6,Region 30,0
Region 6,Region 31,0
Region 6,Region 32,0
Region 6,Region 33,0
Region 6,Region 34,0
Region 6,Region 35,2
Region 6,Region 36,0
Region 6,Region 37,0
Region 6,Region 38,0
Region 6,Region 39,0
Region 6,Region 40,1
Region 6,Region 41,0
Region 6,Region 42,1
Region 6,Region 43,0
Region 6,Region 44,0
Region 7,Region 1,0
Region 7,Region 2,5
Region 7,Region 3,0
Region 7,Region 4,0
Region 7,Region 5,3
Region 7,Region 6,0
Region 7,Region 7,2
Region 7,Region 8,5
Region 7,Region 9,5
Region 7,Region 10,0
Region 7,Region 11,0
Region 7,Region 12,0
Region 7,Region 13,0
Region 7,Region 14,0
Region 7,Region 15,2
Region 7,Region 16,0
Region 7,Region 17,3
Region 7,Region 18,6
Region 7,Region 19,1
Region 7,Region 20,0
Region 7,Region 21,1
Region 7,Region 22,0
Region 7,Region 23,0
Region 7,Region 24,1
Region 7,Region 25,0
Region 7,Region 26,0
Region 7,Region 27,0
Region 7,Region 28,0
Region 7,Region 29,2
Region 7,Region 30,2
Region 7,Region 31,0
Region 7,Region 32,0
Region 7,Region 33,2
Region 7,Region 34,0
Region 7,Region 35,6
Region 7,Region 36,0
Region 7,Region 37,0
Region 7,Region 38,0
Region 7,Region 39,0
Region 7,Region 40,0
Region 7,Region 41,0
Region 7,Region 42,2
Region 7,Region 43,3
Region 7,Region 44,0
Region 8,Region 1,0
Region 8,Region 2,18
Region 8,Region 3,0
Region 8,Region 4,1
Region 8,Region 5,6
Region 8,Region 6,1
Region 8,Region 7,1
Region 8,Region 8,8
Region 8,Region 9,16
Region 8,Region 10,0
Region 8,Region 11,0
Region 8,Region 12,10
Region 8,Region 13,0
Region 8,Region 14,1
Region 8,Region 15,3
Region 8,Region 16,0
Region 8,Region 17,17
Region 8,Region 18,1
Region 8,Region 19,0
Region 8,Region 20,2
Region 8,Region 21,1
Region 8,Region 22,0
Region 8,Region 23,0
Region 8,Region 24,3
Region 8,Region 25,0
Region 8,Region 26,1
Region 8,Region 27,0
Region 8,Region 28,0
Region 8,Region 29,1
Region 8,Region 30,2
Region 8,Region 31,0
Region 8,Region 32,1
Region 8,Region 33,4
Region 8,Region 34,1
Region 8,Region 35,29
Region 8,Region 36,0
Region 8,Region 37,4
Region 8,Region 38,1
Region 8,Region 39,0
Region 8,Region 40,2
Region 8,Region 41,0
Region 8,Region 42,5
Region 8,Region 43,1
Region 8,Region 44,0
Region 9,Region 1,3
Region 9,Region 2,48
Region 9,Region 3,27
Region 9,Region 4,24
Region 9,Region 5,20
Region 9,Region 6,28
Region 9,Region 7,10
Region 9,Region 8,5
Region 9,Region 9,613
Region 9,Region 10,3
Region 9,Region 11,0
Region 9,Region 12,30
Region 9,Region 13,55
Region 9,Region 14,26
Region 9,Region 15,61
Region 9,Region 16,80
Region 9,Region 17,667
Region 9,Region 18,48
Region 9,Region 19,44
Region 9,Region 20,91
Region 9,Region 21,4
Region 9,Region 22,6
Region 9,Region 23,29
Region 9,Region 24,46
Region 9,Region 25,2
Region 9,Region 26,16
Region 9,Region 27,53
Region 9,Region 28,17
Region 9,Region 29,36
Region 9,Region 30,32
Region 9,Region 31,12
Region 9,Region 32,6
Region 9,Region 33,33
Region 9,Region 34,35
Region 9,Region 35,690
Region 9,Region 36,10
Region 9,Region 37,231
Region 9,Region 38,16
Region 9,Region 39,33
Region 9,Region 40,36
Region 9,Region 41,0
Region 9,Region 42,230
Region 9,Region 43,96
Region 9,Region 44,10
Region 10,Region 1,0
Region 10,Region 2,0
Region 10,Region 3,0
Region 10,Region 4,0
Region 10,Region 5,0
Region 10,Region 6,0
Region 10,Region 7,0
Region 10,Region 8,0
Region 10,Region 9,0
Region 10,Region 10,2
Region 10,Region 11,0
Region 10,Region 12,1
Region 10,Region 13,1
Region 10,Region 14,0
Region 10,Region 15,0
Region 10,Region 16,0
Region 10,Region 17,9
Region 10,Region 18,2
Region 10,Region 19,3
Region 10,Region 20,5
Region 10,Region 21,0
Region 10,Region 22,0
Region 10,Region 23,2
Region 10,Region 24,2
Region 10,Region 25,0
Region 10,Region 26,0
Region 10,Region 27,0
Region 10,Region 28,0
Region 10,Region 29,1
Region 10,Region 30,1
Region 10,Region 31,0
Region 10,Region 32,0
Region 10,Region 33,0
Region 10,Region 34,0
Region 10,Region 35,9
Region 10,Region 36,0
Region 10,Region 37,1
Region 10,Region 38,0
Region 10,Region 39,0
Region 10,Region 40,0
Region 10,Region 41,0
Region 10,Region 42,1
Region 10,Region 43,2
Region 10,Region 44,1
Region 11,Region 1,0
Region 11,Region 2,0
Region 11,Region 3,3
Region 11,Region 4,0
Region 11,Region 5,0
Region 11,Region 6,0
Region 11,Region 7,0
Region 11,Region 8,0
Region 11,Region 9,5
Region 11,Region 10,0
Region 11,Region 11,1
Region 11,Region 12,0
Region 11,Region 13,3
Region 11,Region 14,1
Region 11,Region 15,0
Region 11,Region 16,0
Region 11,Region 17,2
Region 11,Region 18,0
Region 11,Region 19,0
Region 11,Region 20,1
Region 11,Region 21,0
Region 11,Region 22,0
Region 11,Region 23,0
Region 11,Region 24,1
Region 11,Region 25,0
Region 11,Region 26,0
Region 11,Region 27,2
Region 11,Region 28,0
Region 11,Region 29,0
Region 11,Region 30,0
Region 11,Region 31,0
Region 11,Region 32,0
Region 11,Region 33,0
Region 11,Region 34,1
Region 11,Region 35,2
Region 11,Region 36,0
Region 11,Region 37,0
Region 11,Region 38,1
Region 11,Region 39,1
Region 11,Region 40,1
Region 11,Region 41,0
Region 11,Region 42,4
Region 11,Region 43,1
Region 11,Region 44,1
Region 12,Region 1,0
Region 12,Region 2,3
Region 12,Region 3,1
Region 12,Region 4,0
Region 12,Region 5,1
Region 12,Region 6,7
Region 12,Region 7,2
Region 12,Region 8,0
Region 12,Region 9,10
Region 12,Region 10,1
Region 12,Region 11,2
Region 12,Region 12,8
Region 12,Region 13,13
Region 12,Region 14,3
Region 12,Region 15,2
Region 12,Region 16,1
Region 12,Region 17,47
Region 12,Region 18,1
Region 12,Region 19,9
Region 12,Region 20,7
Region 12,Region 21,0
Region 12,Region 22,1
Region 12,Region 23,2
Region 12,Region 24,19
Region 12,Region 25,3
Region 12,Region 26,0
Region 12,Region 27,3
Region 12,Region 28,2
Region 12,Region 29,6
Region 12,Region 30,2
Region 12,Region 31,0
Region 12,Region 32,0
Region 12,Region 33,8
Region 12,Region 34,3
Region 12,Region 35,33
Region 12,Region 36,1
Region 12,Region 37,2
Region 12,Region 38,10
Region 12,Region 39,0
Region 12,Region 40,20
Region 12,Region 41,0
Region 12,Region 42,10
Region 12,Region 43,8
Region 12,Region 44,1
Region 13,Region 1,0
Region 13,Region 2,2
Region 13,Region 3,12
Region 13,Region 4,18
Region 13,Region 5,2
Region 13,Region 6,0
Region 13,Region 7,1
Region 13,Region 8,1
Region 13,Region 9,15
Region 13,Region 10,1
Region 13,Region 11,1
Region 13,Region 12,12
Region 13,Region 13,44
Region 13,Region 14,20
Region 13,Region 15,17
Region 13,Region 16,15
Region 13,Region 17,72
Region 13,Region 18,3
Region 13,Region 19,12
Region 13,Region 20,7
Region 13,Region 21,1
Region 13,Region 22,3
Region 13,Region 23,8
Region 13,Region 24,29
Region 13,Region 25,0
Region 13,Region 26,1
Region 13,Region 27,32
Region 13,Region 28,12
Region 13,Region 29,28
Region 13,Region 30,3
Region 13,Region 31,3
Region 13,Region 32,26
Region 13,Region 33,30
Region 13,Region 34,5
Region 13,Region 35,196
Region 13,Region 36,12
Region 13,Region 37,7
Region 13,Region 38,7
Region 13,Region 39,5
Region 13,Region 40,20
Region 13,Region 41,3
Region 13,Region 42,17
Region 13,Region 43,0
Region 13,Region 44,6
Region 14,Region 1,4
Region 14,Region 2,9
Region 14,Region 3,19
Region 14,Region 4,4
Region 14,Region 5,1
Region 14,Region 6,1
Region 14,Region 7,3
Region 14,Region 8,0
Region 14,Region 9,12
Region 14,Region 10,0
Region 14,Region 11,0
Region 14,Region 12,3
Region 14,Region 13,17
Region 14,Region 14,25
Region 14,Region 15,14
Region 14,Region 16,10
Region 14,Region 17,60
Region 14,Region 18,11
Region 14,Region 19,7
Region 14,Region 20,8
Region 14,Region 21,2
Region 14,Region 22,7
Region 14,Region 23,10
Region 14,Region 24,6
Region 14,Region 25,1
Region 14,Region 26,0
Region 14,Region 27,31
Region 14,Region 28,7
Region 14,Region 29,9
Region 14,Region 30,10
Region 14,Region 31,1
Region 14,Region 32,7
Region 14,Region 33,24
Region 14,Region 34,8
Region 14,Region 35,191
Region 14,Region 36,3
Region 14,Region 37,18
Region 14,Region 38,20
Region 14,Region 39,19
Region 14,Region 40,16
Region 14,Region 41,1
Region 14,Region 42,46
Region 14,Region 43,3
Region 14,Region 44,1
Region 15,Region 1,5
Region 15,Region 2,22
Region 15,Region 3,9
Region 15,Region 4,13
Region 15,Region 5,0
Region 15,Region 6,0
Region 15,Region 7,0
Region 15,Region 8,0
Region 15,Region 9,14
Region 15,Region 10,0
Region 15,Region 11,0
Region 15,Region 12,2
Region 15,Region 13,12
Region 15,Region 14,16
Region 15,Region 15,15
Region 15,Region 16,8
Region 15,Region 17,98
Region 15,Region 18,4
Region 15,Region 19,4
Region 15,Region 20,10
Region 15,Region 21,1
Region 15,Region 22,2
Region 15,Region 23,6
Region 15,Region 24,6
Region 15,Region 25,0
Region 15,Region 26,0
Region 15,Region 27,11
Region 15,Region 28,3
Region 15,Region 29,9
Region 15,Region 30,7
Region 15,Region 31,0
Region 15,Region 32,2
Region 15,Region 33,14
Region 15,Region 34,4
Region 15,Region 35,40
Region 15,Region 36,10
Region 15,Region 37,12
Region 15,Region 38,22
Region 15,Region 39,21
Region 15,Region 40,9
Region 15,Region 41,0
Region 15,Region 42,15
Region 15,Region 43,3
Region 15,Region 44,0
Region 16,Region 1,2
Region 16,Region 2,23
Region 16,Region 3,1
Region 16,Region 4,7
Region 16,Region 5,1
Region 16,Region 6,1
Region 16,Region 7,2
Region 16,Region 8,1
Region 16,Region 9,84
Region 16,Region 10,0
Region 16,Region 11,0
Region 16,Region 12,2
Region 16,Region 13,13
Region 16,Region 14,11
Region 16,Region 15,16
Region 16,Region 16,13
Region 16,Region 17,73
Region 16,Region 18,7
Region 16,Region 19,4
Region 16,Region 20,18
Region 16,Region 21,3
Region 16,Region 22,2
Region 16,Region 23,0
Region 16,Region 24,5
Region 16,Region 25,3
Region 16,Region 26,0
Region 16,Region 27,22
Region 16,Region 28,1
Region 16,Region 29,8
Region 16,Region 30,6
Region 16,Region 31,1
Region 16,Region 32,0
Region 16,Region 33,5
Region 16,Region 34,1
Region 16,Region 35,140
Region 16,Region 36,3
Region 16,Region 37,10
Region 16,Region 38,6
Region 16,Region 39,11
Region 16,Region 40,6
Region 16,Region 41,1
Region 16,Region 42,18
Region 16,Region 43,4
Region 16,Region 44,4
Region 17,Region 1,28
Region 17,Region 2,209
Region 17,Region 3,128
Region 17,Region 4,91
Region 17,Region 5,248
Region 17,Region 6,43
Region 17,Region 7,38
Region 17,Region 8,66
Region 17,Region 9,2091
Region 17,Region 10,34
Region 17,Region 11,23
Region 17,Region 12,154
Region 17,Region 13,191
Region 17,Region 14,184
Region 17,Region 15,309
Region 17,Region 16,243
Region 17,Region 17,6035
Region 17,Region 18,581
Region 17,Region 19,305
Region 17,Region 20,512
Region 17,Region 21,58
Region 17,Region 22,19
Region 17,Region 23,40
Region 17,Region 24,165
Region 17,Region 25,27
Region 17,Region 26,22
Region 17,Region 27,232
Region 17,Region 28,137
Region 17,Region 29,176
Region 17,Region 30,73
Region 17,Region 31,65
Region 17,Region 32,55
Region 17,Region 33,281
Region 17,Region 34,323
Region 17,Region 35,9562
Region 17,Region 36,64
Region 17,Region 37,1161
Region 17,Region 38,140
Region 17,Region 39,181
Region 17,Region 40,80
Region 17,Region 41,4
Region 17,Region 42,983
Region 17,Region 43,579
Region 17,Region 44,358
Region 18,Region 1,2
Region 18,Region 2,10
Region 18,Region 3,1
Region 18,Region 4,1
Region 18,Region 5,30
Region 18,Region 6,2
Region 18,Region 7,1
Region 18,Region 8,1
Region 18,Region 9,66
Region 18,Region 10,0
Region 18,Region 11,2
Region 18,Region 12,5
Region 18,Region 13,10
Region 18,Region 14,3
Region 18,Region 15,12
Region 18,Region 16,10
Region 18,Region 17,325
Region 18,Region 18,67
Region 18,Region 19,15
Region 18,Region 20,37
Region 18,Region 21,3
Region 18,Region 22,1
Region 18,Region 23,8
Region 18,Region 24,25
Region 18,Region 25,4
Region 18,Region 26,0
Region 18,Region 27,6
Region 18,Region 28,1
Region 18,Region 29,10
Region 18,Region 30,2
Region 18,Region 31,1
Region 18,Region 32,3
Region 18,Region 33,12
Region 18,Region 34,5
Region 18,Region 35,268
Region 18,Region 36,3
Region 18,Region 37,29
Region 18,Region 38,3
Region 18,Region 39,8
Region 18,Region 40,13
Region 18,Region 41,1
Region 18,Region 42,47
Region 18,Region 43,41
Region 18,Region 44,47
Region 19,Region 1,0
Region 19,Region 2,4
Region 19,Region 3,14
Region 19,Region 4,7
Region 19,Region 5,4
Region 19,Region 6,1
Region 19,Region 7,2
Region 19,Region 8,1
Region 19,Region 9,91
Region 19,Region 10,2
Region 19,Region 11,0
Region 19,Region 12,3
Region 19,Region 13,28
Region 19,Region 14,10
Region 19,Region 15,22
Region 19,Region 16,22
Region 19,Region 17,202
Region 19,Region 18,32
Region 19,Region 19,176
Region 19,Region 20,109
Region 19,Region 21,66
Region 19,Region 22,24
Region 19,Region 23,100
Region 19,Region 24,64
Region 19,Region 25,14
Region 19,Region 26,6
Region 19,Region 27,13
Region 19,Region 28,6
Region 19,Region 29,12
Region 19,Region 30,7
Region 19,Region 31,9
Region 19,Region 32,2
Region 19,Region 33,5
Region 19,Region 34,5
Region 19,Region 35,235
Region 19,Region 36,3
Region 19,Region 37,12
Region 19,Region 38,12
Region 19,Region 39,16
Region 19,Region 40,41
Region 19,Region 41,1
Region 19,Region 42,60
Region 19,Region 43,19
Region 19,Region 44,24
Region 20,Region 1,0
Region 20,Region 2,10
Region 20,Region 3,5
Region 20,Region 4,4
Region 20,Region 5,12
Region 20,Region 6,1
Region 20,Region 7,5
Region 20,Region 8,1
Region 20,Region 9,161
Region 20,Region 10,0
Region 20,Region 11,0
Region 20,Region 12,6
Region 20,Region 13,19
Region 20,Region 14,23
Region 20,Region 15,19
Region 20,Region 16,20
Region 20,Region 17,355
Region 20,Region 18,47
Region 20,Region 19,127
Region 20,Region 20,237
Region 20,Region 21,30
Region 20,Region 22,5
Region 20,Region 23,18
Region 20,Region 24,46
Region 20,Region 25,40
Region 20,Region 26,42
Region 20,Region 27,20
Region 20,Region 28,10
Region 20,Region 29,10
Region 20,Region 30,4
Region 20,Region 31,1
Region 20,Region 32,4
Region 20,Region 33,14
Region 20,Region 34,16
Region 20,Region 35,661
Region 20,Region 36,3
Region 20,Region 37,65
Region 20,Region 38,4
Region 20,Region 39,17
Region 20,Region 40,25
Region 20,Region 41,2
Region 20,Region 42,85
Region 20,Region 43,49
Region 20,Region 44,33
Region 21,Region 1,1
Region 21,Region 2,1
Region 21,Region 3,2
Region 21,Region 4,1
Region 21,Region 5,3
Region 21,Region 6,0
Region 21,Region 7,3
Region 21,Region 8,0
Region 21,Region 9,32
Region 21,Region 10,0
Region 21,Region 11,0
Region 21,Region 12,3
Region 21,Region 13,2
Region 21,Region 14,6
Region 21,Region 15,1
Region 21,Region 16,13
Region 21,Region 17,60
Region 21,Region 18,9
Region 21,Region 19,77
Region 21,Region 20,36
Region 21,Region 21,85
Region 21,Region 22,18
Region 21,Region 23,126
Region 21,Region 24,5
Region 21,Region 25,14
Region 21,Region 26,26
Region 21,Region 27,7
Region 21,Region 28,4
Region 21,Region 29,4
Region 21,Region 30,0
Region 21,Region 31,1
Region 21,Region 32,3
Region 21,Region 33,5
Region 21,Region 34,1
Region 21,Region 35,94
Region 21,Region 36,1
Region 21,Region 37,24
Region 21,Region 38,2
Region 21,Region 39,5
Region 21,Region 40,3
Region 21,Region 41,0
Region 21,Region 42,63
Region 21,Region 43,17
Region 21,Region 44,10
Region 22,Region 1,0
Region 22,Region 2,1
Region 22,Region 3,0
Region 22,Region 4,1
Region 22,Region 5,2
Region 22,Region 6,1
Region 22,Region 7,0
Region 22,Region 8,0
Region 22,Region 9,23
Region 22,Region 10,0
Region 22,Region 11,0
Region 22,Region 12,2
Region 22,Region 13,11
Region 22,Region 14,11
Region 22,Region 15,0
Region 22,Region 16,1
Region 22,Region 17,51
Region 22,Region 18,11
Region 22,Region 19,23
Region 22,Region 20,12
Region 22,Region 21,19
Region 22,Region 22,71
Region 22,Region 23,102
Region 22,Region 24,56
Region 22,Region 25,8
Region 22,Region 26,0
Region 22,Region 27,21
Region 22,Region 28,5
Region 22,Region 29,16
Region 22,Region 30,4
Region 22,Region 31,0
Region 22,Region 32,2
Region 22,Region 33,3
Region 22,Region 34,6
Region 22,Region 35,159
Region 22,Region 36,2
Region 22,Region 37,2
Region 22,Region 38,0
Region 22,Region 39,6
Region 22,Region 40,37
Region 22,Region 41,0
Region 22,Region 42,60
Region 22,Region 43,21
Region 22,Region 44,6
Region 23,Region 1,3
Region 23,Region 2,25
Region 23,Region 3,20
Region 23,Region 4,2
Region 23,Region 5,9
Region 23,Region 6,7
Region 23,Region 7,1
Region 23,Region 8,0
Region 23,Region 9,121
Region 23,Region 10,2
Region 23,Region 11,2
Region 23,Region 12,40
Region 23,Region 13,66
Region 23,Region 14,26
Region 23,Region 15,10
Region 23,Region 16,30
Region 23,Region 17,75
Region 23,Region 18,20
Region 23,Region 19,242
Region 23,Region 20,83
Region 23,Region 21,301
Region 23,Region 22,175
Region 23,Region 23,456
Region 23,Region 24,152
Region 23,Region 25,4
Region 23,Region 26,6
Region 23,Region 27,18
Region 23,Region 28,8
Region 23,Region 29,54
Region 23,Region 30,2
Region 23,Region 31,8
Region 23,Region 32,5
Region 23,Region 33,9
Region 23,Region 34,13
Region 23,Region 35,186
Region 23,Region 36,16
Region 23,Region 37,58
Region 23,Region 38,12
Region 23,Region 39,16
Region 23,Region 40,37
Region 23,Region 41,1
Region 23,Region 42,57
Region 23,Region 43,9
Region 23,Region 44,6
Region 24,Region 1,1
Region 24,Region 2,5
Region 24,Region 3,8
Region 24,Region 4,7
Region 24,Region 5,5
Region 24,Region 6,2
Region 24,Region 7,1
Region 24,Region 8,2
Region 24,Region 9,70
Region 24,Region 10,9
Region 24,Region 11,5
Region 24,Region 12,20
Region 24,Region 13,44
Region 24,Region 14,16
Region 24,Region 15,6
Region 24,Region 16,9
Region 24,Region 17,179
Region 24,Region 18,14
Region 24,Region 19,36
Region 24,Region 20,30
Region 24,Region 21,6
Region 24,Region 22,25
Region 24,Region 23,43
Region 24,Region 24,101
Region 24,Region 25,3
Region 24,Region 26,0
Region 24,Region 27,25
Region 24,Region 28,13
Region 24,Region 29,38
Region 24,Region 30,7
Region 24,Region 31,3
Region 24,Region 32,3
Region 24,Region 33,11
Region 24,Region 34,4
Region 24,Region 35,226
Region 24,Region 36,6
Region 24,Region 37,29
Region 24,Region 38,6
Region 24,Region 39,19
Region 24,Region 40,93
Region 24,Region 41,11
Region 24,Region 42,76
Region 24,Region 43,40
Region 24,Region 44,14
Region 25,Region 1,0
Region 25,Region 2,13
Region 25,Region 3,0
Region 25,Region 4,1
Region 25,Region 5,2
Region 25,Region 6,0
Region 25,Region 7,1
Region 25,Region 8,2
Region 25,Region 9,56
Region 25,Region 10,0
Region 25,Region 11,0
Region 25,Region 12,1
Region 25,Region 13,6
Region 25,Region 14,0
Region 25,Region 15,6
Region 25,Region 16,5
Region 25,Region 17,133
Region 25,Region 18,10
Region 25,Region 19,21
Region 25,Region 20,87
Region 25,Region 21,22
Region 25,Region 22,4
Region 25,Region 23,6
Region 25,Region 24,2
Region 25,Region 25,198
Region 25,Region 26,16
Region 25,Region 27,1
Region 25,Region 28,1
Region 25,Region 29,1
Region 25,Region 30,10
Region 25,Region 31,1
Region 25,Region 32,0
Region 25,Region 33,3
Region 25,Region 34,5
Region 25,Region 35,137
Region 25,Region 36,2
Region 25,Region 37,27
Region 25,Region 38,5
Region 25,Region 39,0
Region 25,Region 40,2
Region 25,Region 41,0
Region 25,Region 42,6
Region 25,Region 43,5
Region 25,Region 44,1
Region 26,Region 1,0
Region 26,Region 2,1
Region 26,Region 3,1
Region 26,Region 4,0
Region 26,Region 5,6
Region 26,Region 6,1
Region 26,Region 7,1
Region 26,Region 8,13
Region 26,Region 9,78
Region 26,Region 10,0
Region 26,Region 11,3
Region 26,Region 12,1
Region 26,Region 13,18
Region 26,Region 14,3
Region 26,Region 15,7
Region 26,Region 16,8
Region 26,Region 17,73
Region 26,Region 18,10
Region 26,Region 19,75
Region 26,Region 20,97
Region 26,Region 21,133
Region 26,Region 22,2
Region 26,Region 23,21
Region 26,Region 24,11
Region 26,Region 25,22
Region 26,Region 26,57
Region 26,Region 27,6
Region 26,Region 28,3
Region 26,Region 29,2
Region 26,Region 30,1
Region 26,Region 31,0
Region 26,Region 32,0
Region 26,Region 33,4
Region 26,Region 34,3
Region 26,Region 35,201
Region 26,Region 36,4
Region 26,Region 37,16
Region 26,Region 38,0
Region 26,Region 39,3
Region 26,Region 40,2
Region 26,Region 41,0
Region 26,Region 42,16
Region 26,Region 43,1
Region 26,Region 44,13
Region 27,Region 1,2
Region 27,Region 2,8
Region 27,Region 3,14
Region 27,Region 4,4
Region 27,Region 5,3
Region 27,Region 6,4
Region 27,Region 7,0
Region 27,Region 8,0
Region 27,Region 9,45
Region 27,Region 10,2
Region 27,Region 11,1
Region 27,Region 12,4
Region 27,Region 13,17
Region 27,Region 14,18
Region 27,Region 15,7
Region 27,Region 16,11
Region 27,Region 17,110
Region 27,Region 18,1
Region 27,Region 19,5
Region 27,Region 20,23
Region 27,Region 21,2
Region 27,Region 22,0
Region 27,Region 23,5
Region 27,Region 24,14
Region 27,Region 25,0
Region 27,Region 26,0
Region 27,Region 27,142
Region 27,Region 28,83
Region 27,Region 29,22
Region 27,Region 30,43
Region 27,Region 31,17
Region 27,Region 32,41
Region 27,Region 33,46
Region 27,Region 34,22
Region 27,Region 35,174
Region 27,Region 36,7
Region 27,Region 37,4
Region 27,Region 38,33
Region 27,Region 39,25
Region 27,Region 40,14
Region 27,Region 41,1
Region 27,Region 42,40
Region 27,Region 43,19
Region 27,Region 44,2
Region 28,Region 1,1
Region 28,Region 2,8
Region 28,Region 3,17
Region 28,Region 4,1
Region 28,Region 5,0
Region 28,Region 6,0
Region 28,Region 7,8
Region 28,Region 8,0
Region 28,Region 9,23
Region 28,Region 10,14
Region 28,Region 11,3
Region 28,Region 12,7
Region 28,Region 13,31
Region 28,Region 14,14
Region 28,Region 15,6
Region 28,Region 16,3
Region 28,Region 17,70
Region 28,Region 18,3
Region 28,Region 19,12
Region 28,Region 20,11
Region 28,Region 21,1
Region 28,Region 22,2
Region 28,Region 23,4
Region 28,Region 24,13
Region 28,Region 25,0
Region 28,Region 26,0
Region 28,Region 27,102
Region 28,Region 28,164
Region 28,Region 29,12
Region 28,Region 30,31
Region 28,Region 31,11
Region 28,Region 32,37
Region 28,Region 33,35
Region 28,Region 34,12
Region 28,Region 35,201
Region 28,Region 36,9
Region 28,Region 37,23
Region 28,Region 38,22
Region 28,Region 39,2
Region 28,Region 40,17
Region 28,Region 41,0
Region 28,Region 42,126
Region 28,Region 43,21
Region 28,Region 44,6
Region 29,Region 1,0
Region 29,Region 2,2
Region 29,Region 3,3
Region 29,Region 4,5
Region 29,Region 5,2
Region 29,Region 6,1
Region 29,Region 7,1
Region 29,Region 8,2
Region 29,Region 9,19
Region 29,Region 10,0
Region 29,Region 11,1
Region 29,Region 12,14
Region 29,Region 13,35
Region 29,Region 14,18
Region 29,Region 15,8
Region 29,Region 16,3
Region 29,Region 17,28
Region 29,Region 18,7
Region 29,Region 19,9
Region 29,Region 20,11
Region 29,Region 21,5
Region 29,Region 22,9
Region 29,Region 23,23
Region 29,Region 24,46
Region 29,Region 25,0
Region 29,Region 26,0
Region 29,Region 27,34
Region 29,Region 28,14
Region 29,Region 29,22
Region 29,Region 30,20
Region 29,Region 31,3
Region 29,Region 32,5
Region 29,Region 33,7
Region 29,Region 34,4
Region 29,Region 35,127
Region 29,Region 36,2
Region 29,Region 37,8
Region 29,Region 38,6
Region 29,Region 39,6
Region 29,Region 40,47
Region 29,Region 41,10
Region 29,Region 42,54
Region 29,Region 43,10
Region 29,Region 44,10
Region 30,Region 1,1
Region 30,Region 2,9
Region 30,Region 3,2
Region 30,Region 4,1
Region 30,Region 5,3
Region 30,Region 6,0
Region 30,Region 7,1
Region 30,Region 8,0
Region 30,Region 9,1
Region 30,Region 10,0
Region 30,Region 11,0
Region 30,Region 12,6
Region 30,Region 13,13
Region 30,Region 14,9
Region 30,Region 15,5
Region 30,Region 16,2
Region 30,Region 17,29
Region 30,Region 18,3
Region 30,Region 19,17
Region 30,Region 20,7
Region 30,Region 21,4
Region 30,Region 22,2
Region 30,Region 23,6
Region 30,Region 24,14
Region 30,Region 25,0
Region 30,Region 26,1
Region 30,Region 27,56
Region 30,Region 28,26
Region 30,Region 29,17
Region 30,Region 30,40
Region 30,Region 31,26
Region 30,Region 32,6
Region 30,Region 33,4
Region 30,Region 34,8
Region 30,Region 35,139
Region 30,Region 36,0
Region 30,Region 37,0
Region 30,Region 38,12
Region 30,Region 39,4
Region 30,Region 40,46
Region 30,Region 41,15
Region 30,Region 42,134
Region 30,Region 43,19
Region 30,Region 44,21
Region 31,Region 1,0
Region 31,Region 2,0
Region 31,Region 3,0
Region 31,Region 4,0
Region 31,Region 5,0
Region 31,Region 6,0
Region 31,Region 7,0
Region 31,Region 8,0
Region 31,Region 9,3
Region 31,Region 10,0
Region 31,Region 11,0
Region 31,Region 12,2
Region 31,Region 13,1
Region 31,Region 14,0
Region 31,Region 15,1
Region 31,Region 16,0
Region 31,Region 17,36
Region 31,Region 18,3
Region 31,Region 19,1
Region 31,Region 20,2
Region 31,Region 21,1
Region 31,Region 22,1
Region 31,Region 23,0
Region 31,Region 24,2
Region 31,Region 25,0
Region 31,Region 26,0
Region 31,Region 27,14
Region 31,Region 28,10
Region 31,Region 29,3
Region 31,Region 30,12
Region 31,Region 31,30
Region 31,Region 32,31
Region 31,Region 33,1
Region 31,Region 34,2
Region 31,Region 35,128
Region 31,Region 36,0
Region 31,Region 37,1
Region 31,Region 38,5
Region 31,Region 39,12
Region 31,Region 40,11
Region 31,Region 41,0
Region 31,Region 42,71
Region 31,Region 43,46
Region 31,Region 44,0
Region 32,Region 1,0
Region 32,Region 2,14
Region 32,Region 3,16
Region 32,Region 4,0
Region 32,Region 5,1
Region 32,Region 6,8
Region 32,Region 7,0
Region 32,Region 8,0
Region 32,Region 9,13
Region 32,Region 10,1
Region 32,Region 11,2
Region 32,Region 12,19
Region 32,Region 13,47
Region 32,Region 14,6
Region 32,Region 15,5
Region 32,Region 16,3
Region 32,Region 17,45
Region 32,Region 18,5
Region 32,Region 19,15
Region 32,Region 20,7
Region 32,Region 21,0
Region 32,Region 22,0
Region 32,Region 23,4
Region 32,Region 24,13
Region 32,Region 25,1
Region 32,Region 26,0
Region 32,Region 27,93
Region 32,Region 28,70
Region 32,Region 29,16
Region 32,Region 30,10
Region 32,Region 31,46
Region 32,Region 32,375
Region 32,Region 33,21
Region 32,Region 34,4
Region 32,Region 35,258
Region 32,Region 36,1
Region 32,Region 37,14
Region 32,Region 38,14
Region 32,Region 39,4
Region 32,Region 40,21
Region 32,Region 41,5
Region 32,Region 42,236
Region 32,Region 43,33
Region 32,Region 44,5
Region 33,Region 1,2
Region 33,Region 2,3
Region 33,Region 3,7
Region 33,Region 4,1
Region 33,Region 5,4
Region 33,Region 6,0
Region 33,Region 7,1
Region 33,Region 8,1
Region 33,Region 9,7
Region 33,Region 10,1
Region 33,Region 11,0
Region 33,Region 12,6
Region 33,Region 13,11
Region 33,Region 14,8
Region 33,Region 15,6
Region 33,Region 16,1
Region 33,Region 17,41
Region 33,Region 18,4
Region 33,Region 19,2
Region 33,Region 20,3
Region 33,Region 21,0
Region 33,Region 22,0
Region 33,Region 23,5
Region 33,Region 24,5
Region 33,Region 25,1
Region 33,Region 26,0
Region 33,Region 27,20
Region 33,Region 28,9
Region 33,Region 29,2
Region 33,Region 30,2
Region 33,Region 31,2
Region 33,Region 32,3
Region 33,Region 33,42
Region 33,Region 34,14
Region 33,Region 35,166
Region 33,Region 36,0
Region 33,Region 37,7
Region 33,Region 38,22
Region 33,Region 39,4
Region 33,Region 40,5
Region 33,Region 41,0
Region 33,Region 42,10
Region 33,Region 43,2
Region 33,Region 44,0
Region 34,Region 1,1
Region 34,Region 2,8
Region 34,Region 3,6
Region 34,Region 4,2
Region 34,Region 5,6
Region 34,Region 6,1
Region 34,Region 7,1
Region 34,Region 8,0
Region 34,Region 9,24
Region 34,Region 10,0
Region 34,Region 11,1
Region 34,Region 12,8
Region 34,Region 13,15
Region 34,Region 14,7
Region 34,Region 15,11
Region 34,Region 16,2
Region 34,Region 17,124
Region 34,Region 18,8
Region 34,Region 19,4
Region 34,Region 20,21
Region 34,Region 21,3
Region 34,Region 22,2
Region 34,Region 23,4
Region 34,Region 24,5
Region 34,Region 25,0
Region 34,Region 26,3
Region 34,Region 27,14
Region 34,Region 28,9
Region 34,Region 29,10
Region 34,Region 30,1
Region 34,Region 31,0
Region 34,Region 32,0
Region 34,Region 33,40
Region 34,Region 34,60
Region 34,Region 35,300
Region 34,Region 36,24
Region 34,Region 37,40
Region 34,Region 38,38
Region 34,Region 39,49
Region 34,Region 40,2
Region 34,Region 41,0
Region 34,Region 42,42
Region 34,Region 43,20
Region 34,Region 44,2
Region 35,Region 1,32
Region 35,Region 2,106
Region 35,Region 3,62
Region 35,Region 4,71
Region 35,Region 5,174
Region 35,Region 6,26
Region 35,Region 7,27
Region 35,Region 8,49
Region 35,Region 9,924
Region 35,Region 10,11
Region 35,Region 11,23
Region 35,Region 12,132
Region 35,Region 13,168
Region 35,Region 14,157
Region 35,Region 15,75
Region 35,Region 16,72
Region 35,Region 17,4924
Region 35,Region 18,313
Region 35,Region 19,117
Region 35,Region 20,465
Region 35,Region 21,40
Region 35,Region 22,24
Region 35,Region 23,57
Region 35,Region 24,86
Region 35,Region 25,32
Region 35,Region 26,42
Region 35,Region 27,80
Region 35,Region 28,96
Region 35,Region 29,161
Region 35,Region 30,50
Region 35,Region 31,102
Region 35,Region 32,187
Region 35,Region 33,310
Region 35,Region 34,880
Region 35,Region 35,1793
Region 35,Region 36,81
Region 35,Region 37,1019
Region 35,Region 38,120
Region 35,Region 39,101
Region 35,Region 40,296
Region 35,Region 41,4
Region 35,Region 42,7605
Region 35,Region 43,912
Region 35,Region 44,45
Region 36,Region 1,2
Region 36,Region 2,7
Region 36,Region 3,2
Region 36,Region 4,3
Region 36,Region 5,3
Region 36,Region 6,0
Region 36,Region 7,0
Region 36,Region 8,0
Region 36,Region 9,13
Region 36,Region 10,0
Region 36,Region 11,0
Region 36,Region 12,0
Region 36,Region 13,4
Region 36,Region 14,2
Region 36,Region 15,16
Region 36,Region 16,1
Region 36,Region 17,26
Region 36,Region 18,5
Region 36,Region 19,3
Region 36,Region 20,4
Region 36,Region 21,4
Region 36,Region 22,0
Region 36,Region 23,5
Region 36,Region 24,3
Region 36,Region 25,0
Region 36,Region 26,0
Region 36,Region 27,5
Region 36,Region 28,1
Region 36,Region 29,4
Region 36,Region 30,1
Region 36,Region 31,0
Region 36,Region 32,1
Region 36,Region 33,11
Region 36,Region 34,13
Region 36,Region 35,70
Region 36,Region 36,12
Region 36,Region 37,12
Region 36,Region 38,21
Region 36,Region 39,81
Region 36,Region 40,3
Region 36,Region 41,0
Region 36,Region 42,8
Region 36,Region 43,3
Region 36,Region 44,0
Region 37,Region 1,0
Region 37,Region 2,4
Region 37,Region 3,1
Region 37,Region 4,3
Region 37,Region 5,2
Region 37,Region 6,0
Region 37,Region 7,1
Region 37,Region 8,0
Region 37,Region 9,111
Region 37,Region 10,0
Region 37,Region 11,0
Region 37,Region 12,0
Region 37,Region 13,4
Region 37,Region 14,2
Region 37,Region 15,6
Region 37,Region 16,9
Region 37,Region 17,134
Region 37,Region 18,7
Region 37,Region 19,13
Region 37,Region 20,18
Region 37,Region 21,2
Region 37,Region 22,0
Region 37,Region 23,7
Region 37,Region 24,2
Region 37,Region 25,0
Region 37,Region 26,3
Region 37,Region 27,5
Region 37,Region 28,1
Region 37,Region 29,1
Region 37,Region 30,1
Region 37,Region 31,0
Region 37,Region 32,0
Region 37,Region 33,2
Region 37,Region 34,2
Region 37,Region 35,208
Region 37,Region 36,3
Region 37,Region 37,53
Region 37,Region 38,9
Region 37,Region 39,9
Region 37,Region 40,7
Region 37,Region 41,0
Region 37,Region 42,50
Region 37,Region 43,9
Region 37,Region 44,3
Region 38,Region 1,0
Region 38,Region 2,8
Region 38,Region 3,4
Region 38,Region 4,2
Region 38,Region 5,0
Region 38,Region 6,0
Region 38,Region 7,1
Region 38,Region 8,0
Region 38,Region 9,34
Region 38,Region 10,0
Region 38,Region 11,0
Region 38,Region 12,5
Region 38,Region 13,9
Region 38,Region 14,16
Region 38,Region 15,12
Region 38,Region 16,5
Region 38,Region 17,59
Region 38,Region 18,3
Region 38,Region 19,9
Region 38,Region 20,9
Region 38,Region 21,3
Region 38,Region 22,0
Region 38,Region 23,0
Region 38,Region 24,5
Region 38,Region 25,0
Region 38,Region 26,0
Region 38,Region 27,21
Region 38,Region 28,17
Region 38,Region 29,4
Region 38,Region 30,4
Region 38,Region 31,1
Region 38,Region 32,24
Region 38,Region 33,22
Region 38,Region 34,19
Region 38,Region 35,166
Region 38,Region 36,11
Region 38,Region 37,9
Region 38,Region 38,87
Region 38,Region 39,39
Region 38,Region 40,8
Region 38,Region 41,0
Region 38,Region 42,46
Region 38,Region 43,6
Region 38,Region 44,1
Region 39,Region 1,0
Region 39,Region 2,38
Region 39,Region 3,4
Region 39,Region 4,7
Region 39,Region 5,3
Region 39,Region 6,0
Region 39,Region 7,9
Region 39,Region 8,1
Region 39,Region 9,57
Region 39,Region 10,0
Region 39,Region 11,0
Region 39,Region 12,14
Region 39,Region 13,14
Region 39,Region 14,8
Region 39,Region 15,53
Region 39,Region 16,16
Region 39,Region 17,69
Region 39,Region 18,32
Region 39,Region 19,14
Region 39,Region 20,30
Region 39,Region 21,7
Region 39,Region 22,7
Region 39,Region 23,26
Region 39,Region 24,14
Region 39,Region 25,1
Region 39,Region 26,1
Region 39,Region 27,31
Region 39,Region 28,3
Region 39,Region 29,11
Region 39,Region 30,18
Region 39,Region 31,5
Region 39,Region 32,0
Region 39,Region 33,10
Region 39,Region 34,97
Region 39,Region 35,127
Region 39,Region 36,82
Region 39,Region 37,34
Region 39,Region 38,51
Region 39,Region 39,155
Region 39,Region 40,2
Region 39,Region 41,1
Region 39,Region 42,12
Region 39,Region 43,7
Region 39,Region 44,3
Region 40,Region 1,2
Region 40,Region 2,12
Region 40,Region 3,25
Region 40,Region 4,4
Region 40,Region 5,4
Region 40,Region 6,1
Region 40,Region 7,1
Region 40,Region 8,4
Region 40,Region 9,94
Region 40,Region 10,4
Region 40,Region 11,32
Region 40,Region 12,52
Region 40,Region 13,59
Region 40,Region 14,17
Region 40,Region 15,9
Region 40,Region 16,2
Region 40,Region 17,123
Region 40,Region 18,26
Region 40,Region 19,52
Region 40,Region 20,29
Region 40,Region 21,2
Region 40,Region 22,8
Region 40,Region 23,19
Region 40,Region 24,213
Region 40,Region 25,1
Region 40,Region 26,3
Region 40,Region 27,52
Region 40,Region 28,30
Region 40,Region 29,113
Region 40,Region 30,50
Region 40,Region 31,21
Region 40,Region 32,28
Region 40,Region 33,32
Region 40,Region 34,36
Region 40,Region 35,653
Region 40,Region 36,5
Region 40,Region 37,9
Region 40,Region 38,8
Region 40,Region 39,6
Region 40,Region 40,526
Region 40,Region 41,6
Region 40,Region 42,593
Region 40,Region 43,195
Region 40,Region 44,10
Region 41,Region 1,0
Region 41,Region 2,0
Region 41,Region 3,0
Region 41,Region 4,0
Region 41,Region 5,0
Region 41,Region 6,0
Region 41,Region 7,0
Region 41,Region 8,0
Region 41,Region 9,7
Region 41,Region 10,0
Region 41,Region 11,0
Region 41,Region 12,1
Region 41,Region 13,2
Region 41,Region 14,0
Region 41,Region 15,1
Region 41,Region 16,0
Region 41,Region 17,2
Region 41,Region 18,0
Region 41,Region 19,0
Region 41,Region 20,0
Region 41,Region 21,1
Region 41,Region 22,0
Region 41,Region 23,0
Region 41,Region 24,2
Region 41,Region 25,0
Region 41,Region 26,0
Region 41,Region 27,6
Region 41,Region 28,0
Region 41,Region 29,5
Region 41,Region 30,3
Region 41,Region 31,0
Region 41,Region 32,7
Region 41,Region 33,0
Region 41,Region 34,0
Region 41,Region 35,43
Region 41,Region 36,0
Region 41,Region 37,0
Region 41,Region 38,1
Region 41,Region 39,0
Region 41,Region 40,5
Region 41,Region 41,5
Region 41,Region 42,12
Region 41,Region 43,4
Region 41,Region 44,0
Region 42,Region 1,48
Region 42,Region 2,35
Region 42,Region 3,78
Region 42,Region 4,38
Region 42,Region 5,73
Region 42,Region 6,12
Region 42,Region 7,5
Region 42,Region 8,6
Region 42,Region 9,534
Region 42,Region 10,19
Region 42,Region 11,2
Region 42,Region 12,58
Region 42,Region 13,103
Region 42,Region 14,33
Region 42,Region 15,27
Region 42,Region 16,27
Region 42,Region 17,628
Region 42,Region 18,67
Region 42,Region 19,68
Region 42,Region 20,108
Region 42,Region 21,14
Region 42,Region 22,12
Region 42,Region 23,23
Region 42,Region 24,95
Region 42,Region 25,6
Region 42,Region 26,2
Region 42,Region 27,102
Region 42,Region 28,258
Region 42,Region 29,134
Region 42,Region 30,181
Region 42,Region 31,178
Region 42,Region 32,209
Region 42,Region 33,134
Region 42,Region 34,242
Region 42,Region 35,12217
Region 42,Region 36,28
Region 42,Region 37,363
Region 42,Region 38,88
Region 42,Region 39,23
Region 42,Region 40,171
Region 42,Region 41,22
Region 42,Region 42,1383
Region 42,Region 43,996
Region 42,Region 44,43
Region 43,Region 1,0
Region 43,Region 2,5
Region 43,Region 3,0
Region 43,Region 4,4
Region 43,Region 5,8
Region 43,Region 6,2
Region 43,Region 7,0
Region 43,Region 8,1
Region 43,Region 9,45
Region 43,Region 10,3
Region 43,Region 11,0
Region 43,Region 12,6
Region 43,Region 13,6
Region 43,Region 14,1
Region 43,Region 15,2
Region 43,Region 16,1
Region 43,Region 17,221
Region 43,Region 18,11
Region 43,Region 19,7
Region 43,Region 20,26
Region 43,Region 21,1
Region 43,Region 22,8
Region 43,Region 23,8
Region 43,Region 24,26
Region 43,Region 25,0
Region 43,Region 26,0
Region 43,Region 27,23
Region 43,Region 28,12
Region 43,Region 29,5
Region 43,Region 30,18
Region 43,Region 31,83
Region 43,Region 32,33
Region 43,Region 33,4
Region 43,Region 34,18
Region 43,Region 35,1033
Region 43,Region 36,1
Region 43,Region 37,29
Region 43,Region 38,4
Region 43,Region 39,3
Region 43,Region 40,79
Region 43,Region 41,2
Region 43,Region 42,525
Region 43,Region 43,177
Region 43,Region 44,13
Region 44,Region 1,1
Region 44,Region 2,12
Region 44,Region 3,5
Region 44,Region 4,6
Region 44,Region 5,50
Region 44,Region 6,5
Region 44,Region 7,8
Region 44,Region 8,9
Region 44,Region 9,113
Region 44,Region 10,3
Region 44,Region 11,0
Region 44,Region 12,16
Region 44,Region 13,58
Region 44,Region 14,13
Region 44,Region 15,27
Region 44,Region 16,31
Region 44,Region 17,300
Region 44,Region 18,156
Region 44,Region 19,72
Region 44,Region 20,92
Region 44,Region 21,14
Region 44,Region 22,2
Region 44,Region 23,37
Region 44,Region 24,44
Region 44,Region 25,4
Region 44,Region 26,3
Region 44,Region 27,39
Region 44,Region 28,13
Region 44,Region 29,66
Region 44,Region 30,20
Region 44,Region 31,16
Region 44,Region 32,2
Region 44,Region 33,16
Region 44,Region 34,37
Region 44,Region 35,187
Region 44,Region 36,11
Region 44,Region 37,38
Region 44,Region 38,7
Region 44,Region 39,7
Region 44,Region 40,41
Region 44,Region 41,0
Region 44,Region 42,99
Region 44,Region 43,45
Region 44,Region 44,1103